<?xml version="1.0" encoding="utf-8"?>
<configuration>
  <connectionStrings>
    <add name="EUREKABANK" connectionString="Data Source=(LocalDB)\MSSQLLocalDB;Initial Catalog=EUREKABANK;Integrated Security=True;TrustServerCertificate=True" providerName="System.Data.SqlClient" />
  </connectionStrings>
  <system.web>
    <compilation debug="true" targetFramework="4.7.2" />
    <httpRuntime targetFramework="4.7.2" />
    <webServices>
      <protocols>
        <add name="HttpGet"/>
        <add name="HttpPost"/>
      <add name="Documentation"/>
      </protocols>
    </webServices>
  </system.web>
</configuration>